{
  "kappa": 0.8978102189781021,
  "agree": 0.9591836734693877,
  "xfam_agree": 0.94,
  "n_k": 98,
  "n_xf": 50
}